{
    "num": 6,
    "pose": {
        "0": [
            -82.35900115966797,
            70.15899658203125,
            0.003000000026077032,
            -109.82499694824219,
            2.6500000953674316,
            90.14399719238281,
            -85.0
        ],
        "1": [
            -82.27899932861328,
            57.8120002746582,
            -0.20499999821186066,
            -117.9530029296875,
            2.121000051498413,
            85.89199829101562,
            -84.58999633789062
        ],
        "2": [
            47.68299865722656,
            63.43199920654297,
            -8.298999786376953,
            -95.06500244140625,
            19.075000762939453,
            66.99800109863281,
            26.305999755859375
        ],
        "3": [
            46.694000244140625,
            70.79499816894531,
            -7.065999984741211,
            -90.01699829101562,
            19.141000747680664,
            69.52200317382812,
            26.399999618530273
        ],
        "4": [
            47.31399917602539,
            63.388999938964844,
            -7.928999900817871,
            -95.13200378417969,
            18.393999099731445,
            67.21600341796875,
            26.815000534057617
        ],
        "5": [
            -82.7300033569336,
            59.77799987792969,
            0.6759999990463257,
            -118.03600311279297,
            -14.692999839782715,
            87.83399963378906,
            -67.5199966430664
        ]
    },
    "claw": {
        "0": 0,
        "1": 0,
        "2": 0,
        "3": 100,
        "4": 100,
        "5": 100
    }
}