{
    "num": 6,
    "pose": {
        "0": [
            -14.11299991607666,
            72.43099975585938,
            0.5199999809265137,
            -82.94200134277344,
            -1.184999942779541,
            65.28800201416016,
            -12.821000099182129
        ],
        "1": [
            -14.357999801635742,
            61.566001892089844,
            0.7979999780654907,
            -90.24800109863281,
            -1.5329999923706055,
            61.83399963378906,
            -12.498000144958496
        ],
        "2": [
            16.788999557495117,
            64.94499969482422,
            -0.4690000116825104,
            -80.83000183105469,
            0.7379999756813049,
            55.709999084472656,
            16.06399917602539
        ],
        "3": [
            16.85700035095215,
            73.83399963378906,
            -0.5540000200271606,
            -74.62999725341797,
            0.9950000047683716,
            58.41299819946289,
            15.897000312805176
        ],
        "4": [
            16.711000442504883,
            63.25899887084961,
            -0.35499998927116394,
            -81.72799682617188,
            0.4620000123977661,
            54.909000396728516,
            16.125
        ],
        "5": [
            -7.3979997634887695,
            61.07500076293945,
            0.21699999272823334,
            -87.55500030517578,
            -0.4749999940395355,
            58.547000885009766,
            -6.755000114440918
        ]
    },
    "claw": {
        "0": 0,
        "1": 0,
        "2": 0,
        "3": 100,
        "4": 100,
        "5": 100
    }
}